-- Input of regions
INSERT INTO Region(region_id,region) VALUES ('CHK','Cherkasy_oblast');
INSERT INTO Region(region_id,region) VALUES ('CHH','Chernihiv_oblast');
INSERT INTO Region(region_id,region) VALUES ('CHC','Chernivtsi_oblast');
INSERT INTO Region(region_id,region) VALUES ('DNK','Dnipropetrovsk_oblast');
INSERT INTO Region(region_id,region) VALUES ('DON','Donetsk_oblast');
INSERT INTO Region(region_id,region) VALUES ('IVF','IvanoFrankivsk_oblast');
INSERT INTO Region(region_id,region) VALUES ('KHK','Kharkiv_oblast');
INSERT INTO Region(region_id,region) VALUES ('HRS','Kherson_oblast');
INSERT INTO Region(region_id,region) VALUES ('HMC','Chmelnytsk_oblast');
INSERT INTO Region(region_id,region) VALUES ('KRG','Kirovohrad_oblast');
INSERT INTO Region(region_id,region) VALUES ('KIV','Kyiv_oblast');
INSERT INTO Region(region_id,region) VALUES ('LHS','Luhansk_oblast');
INSERT INTO Region(region_id,region) VALUES ('LVV','Lviv_oblast');
INSERT INTO Region(region_id,region) VALUES ('MKL','Mykolaiv_oblast');
INSERT INTO Region(region_id,region) VALUES ('ODS','Odesa_oblast');
INSERT INTO Region(region_id,region) VALUES ('PLT','Poltava_oblast');
INSERT INTO Region(region_id,region) VALUES ('RVN','Rivne_oblast');
INSERT INTO Region(region_id,region) VALUES ('SMM','Sumy_oblast');
INSERT INTO Region(region_id,region) VALUES ('TRN','Ternopil_oblast');
INSERT INTO Region(region_id,region) VALUES ('ZPR','Zaporizhzhia_oblast');
INSERT INTO Region(region_id,region) VALUES ('GTM','Zhytomyr_oblast');
-- Input of cities
INSERT INTO City(city_id,city,region_id) VALUES ('VNC','Vinnytsia','VNC');
INSERT INTO City(city_id,city,region_id) VALUES ('DNK','Dnipropetrovsk','DNK');
INSERT INTO City(city_id,city,region_id) VALUES ('DON','Donetsk','DON');
INSERT INTO City(city_id,city,region_id) VALUES ('GTM','Zhytomyr','GTM');
INSERT INTO City(city_id,city,region_id) VALUES ('ZPR','Zaporizhzhia','ZPR');
INSERT INTO City(city_id,city,region_id) VALUES ('IVF','IvanoFrankivsk','IVF');
INSERT INTO City(city_id,city,region_id) VALUES ('KIV','Kyiv','KIV');
INSERT INTO City(city_id,city,region_id) VALUES ('KRG','Kirovohrad','KRG');
INSERT INTO City(city_id,city,region_id) VALUES ('LHS','Luhansk','LHS');
INSERT INTO City(city_id,city,region_id) VALUES ('VLN','Lutsk','VLN');
INSERT INTO City(city_id,city,region_id) VALUES ('LVV','Lviv','LVV');
INSERT INTO City(city_id,city,region_id) VALUES ('MKL','Mykolaiv','MKL');
INSERT INTO City(city_id,city,region_id) VALUES ('ODS','Odesa','ODS');
INSERT INTO City(city_id,city,region_id) VALUES ('PLT','Poltava','PLT');
INSERT INTO City(city_id,city,region_id) VALUES ('RVN','Rivne','RVN');
INSERT INTO City(city_id,city,region_id) VALUES ('SMM','Sumy','SMM');
INSERT INTO City(city_id,city,region_id) VALUES ('MKL','Mykolaiv','MKL');
INSERT INTO City(city_id,city,region_id) VALUES ('TRN','Ternopil','TRN');
INSERT INTO City(city_id,city,region_id) VALUES ('ZKP','Uzhhorod','ZKP');
INSERT INTO City(city_id,city,region_id) VALUES ('KHK','Kharkiv','KHK');
INSERT INTO City(city_id,city,region_id) VALUES ('SMM','Sumy','SMM');
INSERT INTO City(city_id,city,region_id) VALUES ('HRS','Kherson','HRS');
INSERT INTO City(city_id,city,region_id) VALUES ('HMC','Khmelnytskyi','HMC');
INSERT INTO City(city_id,city,region_id) VALUES ('CHK','Cherkasy','CHK');
INSERT INTO City(city_id,city,region_id) VALUES ('CHC','Chernivtsi','CHC');
INSERT INTO City(city_id,city,region_id) VALUES ('CHH','Chernihiv','CHH');
-- Input of streets
INSERT INTO Street(street_id,street,city_id) VALUES ('DNK','Lenina','LNN');
INSERT INTO Street(street_id,street,city_id) VALUES ('DNK','K_Marksa','KMK');
INSERT INTO Street(street_id,street,city_id) VALUES ('DNK','Rogaleva','ROG');
INSERT INTO Street(street_id,street,city_id) VALUES ('DNK','Dzerginskogo','DZR');
INSERT INTO Street(street_id,street,city_id) VALUES ('DNK','Patorginskogo','PTR');
INSERT INTO Street(street_id,street,city_id) VALUES ('DNK','Pobeda','POB');
INSERT INTO Street(street_id,street,city_id) VALUES ('DNK','Kommunar','KMR');
INSERT INTO Street(street_id,street,city_id) VALUES ('DNK','Komsamolskaya','KMS');
