-- Input of regions
INSERT INTO Region(region_id,region) VALUES ('CHK','Черкасская_область');
INSERT INTO Region(region_id,region) VALUES ('CHH','Черниговская_область');
INSERT INTO Region(region_id,region) VALUES ('CHC','Черновецкая_область');
INSERT INTO Region(region_id,region) VALUES ('DNK','Днепропетровская_область');
INSERT INTO Region(region_id,region) VALUES ('DON','Донецкая_область');
INSERT INTO Region(region_id,region) VALUES ('IVF','Ивано-франковская_область');
INSERT INTO Region(region_id,region) VALUES ('KHK','Харьовкая_область');
INSERT INTO Region(region_id,region) VALUES ('HRS','Херсонская_область');
INSERT INTO Region(region_id,region) VALUES ('HMC','Хмельницкая_область');
INSERT INTO Region(region_id,region) VALUES ('KRG','Кировоградская_область');
INSERT INTO Region(region_id,region) VALUES ('KIV','Киевская_область');
INSERT INTO Region(region_id,region) VALUES ('LHS','Луганская_область');
INSERT INTO Region(region_id,region) VALUES ('LVV','Львовская_облаасть');
INSERT INTO Region(region_id,region) VALUES ('MKL','Николоаевская_область');
INSERT INTO Region(region_id,region) VALUES ('ODS','Одесская_область');
INSERT INTO Region(region_id,region) VALUES ('PLT','Полтавская_область');
INSERT INTO Region(region_id,region) VALUES ('RVN','Ровненнская_область');
INSERT INTO Region(region_id,region) VALUES ('SMM','Сумская_область');
INSERT INTO Region(region_id,region) VALUES ('TRN','Тернопольская_область');
INSERT INTO Region(region_id,region) VALUES ('ZPR','Запорожская_область');
INSERT INTO Region(region_id,region) VALUES ('GTM','Житомирская_область');
INSERT INTO Region(region_id,region) VALUES ('VLN','Волынская_область');
-- Input of cities
INSERT INTO City(city_id,city,region_id) VALUES ('VNC','Винница','VNC');
INSERT INTO City(city_id,city,region_id) VALUES ('DNK','Днепропетровск','DNK');
INSERT INTO City(city_id,city,region_id) VALUES ('DON','Донецк','DON');
INSERT INTO City(city_id,city,region_id) VALUES ('GTM','Житомир','GTM');
INSERT INTO City(city_id,city,region_id) VALUES ('ZPR','Запорожье','ZPR');
INSERT INTO City(city_id,city,region_id) VALUES ('IVF','Ивано-Франковск','IVF');
INSERT INTO City(city_id,city,region_id) VALUES ('KIV','Киев','KIV');
INSERT INTO City(city_id,city,region_id) VALUES ('KRG','Кировоград','KRG');
INSERT INTO City(city_id,city,region_id) VALUES ('LHS','Луганск','LHS');
INSERT INTO City(city_id,city,region_id) VALUES ('LCK','Луцк','VLN');
INSERT INTO City(city_id,city,region_id) VALUES ('LVV','Львов','LVV');
INSERT INTO City(city_id,city,region_id) VALUES ('MKL','Николаев','MKL');
INSERT INTO City(city_id,city,region_id) VALUES ('ODS','Одесса','ODS');
INSERT INTO City(city_id,city,region_id) VALUES ('PLT','Полтава','PLT');
INSERT INTO City(city_id,city,region_id) VALUES ('RVN','Ровно','RVN');
INSERT INTO City(city_id,city,region_id) VALUES ('SMM','Сумы','SMM');
INSERT INTO City(city_id,city,region_id) VALUES ('TRN','Тернополь','TRN');
INSERT INTO City(city_id,city,region_id) VALUES ('ZKP','Uzhhorod','ZKP');
INSERT INTO City(city_id,city,region_id) VALUES ('KHK','Харьков','KHK');
INSERT INTO City(city_id,city,region_id) VALUES ('SMM','Sumy','SMM');
INSERT INTO City(city_id,city,region_id) VALUES ('HRS','Херсон','HRS');
INSERT INTO City(city_id,city,region_id) VALUES ('HMC','Хмельницкий','HMC');
INSERT INTO City(city_id,city,region_id) VALUES ('CHK','Черкасы','CHK');
INSERT INTO City(city_id,city,region_id) VALUES ('CHC','Черновыцы','CHC');
INSERT INTO City(city_id,city,region_id) VALUES ('CHH','Чернигов','CHH');
-- Input of streets
INSERT INTO Street(street_id,street,city_id) VALUES ('LNN','Ленина','DNK');
INSERT INTO Street(street_id,street,city_id) VALUES ('KMK','К.Маркса','DNK');
INSERT INTO Street(street_id,street,city_id) VALUES ('ROG','Рогалева','DNK');
INSERT INTO Street(street_id,street,city_id) VALUES ('DZR','Дзержинского','DNK');
INSERT INTO Street(street_id,street,city_id) VALUES ('PTR','Потаржинского','DNK');
INSERT INTO Street(street_id,street,city_id) VALUES ('POB','Победа','DNK');
INSERT INTO Street(street_id,street,city_id) VALUES ('KMR','Комунар','DNK');
INSERT INTO Street(street_id,street,city_id) VALUES ('KMS','Комсомольская','DNK');
